3000000000,knb
3000000001,hombu
3000000002,oma-stage kkkmc
3000000003,oma-mogi kkkmc
3000000004,oma-kikaku
3000000005,oma-ground kkkmc
3000000006,koho
3000000007,pamph
3000000008,shogai
3000000009,st-somu
3000000010,st-tk kkkmc
3000000011,st-system
3000000012,st-okunai okunai kkkmc
3000000013,jise kkkmc
3000000014,kaikei
3000000015,okunai kkkmc
3000000016,knb
3000000017,hombu
3000000018,oma-stage kkkmc
3000000019,oma-mogi kkkmc
3000000020,oma-kikaku
3000000021,oma-ground kkkmc
3000000022,koho
3000000023,pamph
3000000024,shogai
3000000025,st-somu
3000000026,st-tk kkkmc
3000000027,st-system
3000000028,st-okunai okunai kkkmc
3000000029,jise kkkmc
3000000030,kaikei
3000000031,okunai kkkmc
3000000032,knb
3000000033,hombu
3000000034,oma-stage kkkmc
3000000035,oma-mogi kkkmc
3000000036,oma-kikaku
3000000037,oma-ground kkkmc
3000000038,koho
3000000039,pamph
3000000040,shogai
3000000041,st-somu
3000000042,st-tk kkkmc
3000000043,st-system
3000000044,st-okunai okunai kkkmc
3000000045,jise kkkmc
3000000046,kaikei
3000000047,okunai kkkmc
3000000048,knb
3000000049,hombu
3000000050,oma-stage kkkmc
3000000051,oma-mogi kkkmc
3000000052,oma-kikaku
3000000053,oma-ground kkkmc
3000000054,koho
3000000055,pamph
3000000056,shogai
3000000057,st-somu
3000000058,st-tk kkkmc
3000000059,st-system
3000000060,st-okunai okunai kkkmc
3000000061,jise kkkmc
3000000062,kaikei
3000000063,okunai kkkmc
3000000064,knb
3000000065,hombu
3000000066,oma-stage kkkmc
3000000067,oma-mogi kkkmc
3000000068,oma-kikaku
3000000069,oma-ground kkkmc
3000000070,koho
3000000071,pamph
3000000072,shogai
3000000073,st-somu
3000000074,st-tk kkkmc
3000000075,st-system
3000000076,st-okunai okunai kkkmc
3000000077,jise kkkmc
3000000078,kaikei
3000000079,okunai kkkmc
3000000080,knb
3000000081,hombu
3000000082,oma-stage kkkmc
3000000083,oma-mogi kkkmc
3000000084,oma-kikaku
3000000085,oma-ground kkkmc
3000000086,koho
3000000087,pamph
3000000088,shogai
3000000089,st-somu
3000000090,st-tk kkkmc
3000000091,st-system
3000000092,st-okunai okunai kkkmc
3000000093,jise kkkmc
3000000094,kaikei
3000000095,okunai kkkmc
3000000096,knb
3000000097,hombu
3000000098,oma-stage kkkmc
3000000099,knb
